{
	"configs" : [
		{
			"remarks" : "",
			"id" : "9DED58C67993CE0B7479DC0BBBD85962",
			"server" : "server host",
			"server_port" : 8388,
			"server_udp_port" : 0,
			"password" : "0",
			"method" : "aes-256-cfb",
			"protocol" : "origin",
			"protocolparam" : "",
			"obfs" : "plain",
			"obfsparam" : "",
			"remarks_base64" : "",
			"group" : "空白服务器组(勿选)",
			"enable" : true,
			"udp_over_tcp" : false
		}
	],
	"index" : 0,
	"random" : false,
	"sysProxyMode" : 2,
	"shareOverLan" : true,
	"localPort" : 1080,
	"localAuthPassword" : "GDWZqjsryDhEv9yQLoBn",
	"dnsServer" : "",
	"reconnectTimes" : 2,
	"randomAlgorithm" : 3,
	"randomInGroup" : false,
	"TTL" : 0,
	"connectTimeout" : 5,
	"proxyRuleMode" : 2,
	"proxyEnable" : false,
	"pacDirectGoProxy" : false,
	"proxyType" : 0,
	"proxyHost" : "",
	"proxyPort" : 0,
	"proxyAuthUser" : "",
	"proxyAuthPass" : "",
	"proxyUserAgent" : "",
	"authUser" : "",
	"authPass" : "",
	"autoBan" : false,
	"sameHostForSameTarget" : false,
	"keepVisitTime" : 180,
	"isHideTips" : false,
	"nodeFeedAutoUpdate" : true,
	"serverSubscribes" : [

	],
	"token" : {

	},
	"portMap" : {

	}
}