{
	"bing.tpcloud.pw" : {
		"totalUploadBytes" : 2294821,
		"totalDownloadBytes" : 92521346
	},
	"full.tpcloud.pw" : {
		"totalUploadBytes" : 2516403,
		"totalDownloadBytes" : 77129001
	},
	"book.tpcloud.pw" : {
		"totalUploadBytes" : 488747,
		"totalDownloadBytes" : 17646656
	},
	"only.tpcloud.pw" : {
		"totalUploadBytes" : 1848756,
		"totalDownloadBytes" : 73989582
	},
	"send.tpcloud.pw" : {
		"totalUploadBytes" : 1029021,
		"totalDownloadBytes" : 52595202
	},
	"edge.tpcloud.pw" : {
		"totalUploadBytes" : 1171043,
		"totalDownloadBytes" : 67980244
	},
	"send.ljcloud.xyz" : {
		"totalUploadBytes" : 460264,
		"totalDownloadBytes" : 75753507
	},
	"find.ljcloud.xyz" : {
		"totalUploadBytes" : 939043,
		"totalDownloadBytes" : 322041251
	},
	"only.ljcloud.xyz" : {
		"totalUploadBytes" : 563671,
		"totalDownloadBytes" : 44300999
	}
}